Customer_ID,Orders,Revenue,Quantity,Last_Order,Recency_Days,Customer_Type
CUST0001,12,9784.33,45,2025-12-14,17,Repeat
CUST0002,10,9705.2,40,2025-10-18,74,Repeat
CUST0003,18,6186.23,50,2025-12-27,4,Repeat
CUST0004,7,4740.349999999999,22,2024-08-17,501,Repeat
CUST0005,10,5452.48,41,2025-10-07,85,Repeat
CUST0006,7,1321.86,22,2025-03-02,304,Repeat
CUST0007,7,1745.37,22,2025-06-14,200,Repeat
CUST0008,9,1968.27,33,2025-02-26,308,Repeat
CUST0009,15,8993.13,59,2025-12-18,13,Repeat
CUST0010,6,4212.2699999999995,24,2025-10-26,66,Repeat
CUST0011,15,4883.53,52,2025-11-01,60,Repeat
CUST0012,10,2800.54,35,2025-06-20,194,Repeat
CUST0013,17,6059.17,62,2025-11-02,59,Repeat
CUST0014,12,4608.58,46,2025-10-16,76,Repeat
CUST0015,11,2806.8,34,2025-10-21,71,Repeat
CUST0016,11,3896.93,41,2025-07-13,171,Repeat
CUST0017,11,7280.699999999999,46,2025-10-28,64,Repeat
CUST0018,5,1783.81,21,2025-03-07,299,Repeat
CUST0019,10,4221.84,44,2025-12-02,29,Repeat
CUST0020,7,764.71,13,2025-11-04,57,Repeat
CUST0021,11,2001.09,36,2025-12-06,25,Repeat
CUST0022,14,12866.71,61,2025-09-21,101,Repeat
CUST0023,9,2717.0099999999998,41,2025-11-18,43,Repeat
CUST0024,7,1793.74,23,2025-11-19,42,Repeat
CUST0025,11,4781.360000000001,33,2025-10-20,72,Repeat
CUST0026,8,1591.42,31,2025-07-30,154,Repeat
CUST0027,7,2722.2200000000003,28,2025-08-05,148,Repeat
CUST0028,14,11040.7,49,2025-12-23,8,Repeat
CUST0029,11,1890.74,32,2025-11-30,31,Repeat
CUST0030,11,4954.55,53,2025-07-19,165,Repeat
CUST0031,12,6102.34,47,2025-12-20,11,Repeat
CUST0032,15,6849.88,55,2025-07-13,171,Repeat
CUST0033,14,6927.34,52,2025-07-09,175,Repeat
CUST0034,8,3546.23,23,2025-11-25,36,Repeat
CUST0035,8,6875.26,27,2025-07-25,159,Repeat
CUST0036,9,1727.02,28,2025-06-08,206,Repeat
CUST0037,8,3991.09,28,2025-08-30,123,Repeat
CUST0038,16,7245.34,56,2025-12-29,2,Repeat
CUST0039,6,2971.8,26,2025-11-15,46,Repeat
CUST0040,13,10363.68,46,2025-10-20,72,Repeat
CUST0041,8,6021.12,20,2025-11-30,31,Repeat
CUST0042,10,2747.0,27,2025-12-16,15,Repeat
CUST0043,14,6507.88,47,2025-12-22,9,Repeat
CUST0044,11,3550.28,31,2025-09-28,94,Repeat
CUST0045,10,4294.87,33,2025-11-26,35,Repeat
CUST0046,10,3047.7200000000003,38,2025-12-16,15,Repeat
CUST0047,7,7233.59,30,2025-12-29,2,Repeat
CUST0048,15,4400.11,46,2025-12-13,18,Repeat
CUST0049,7,2244.37,20,2025-12-04,27,Repeat
CUST0050,7,1917.23,20,2025-11-05,56,Repeat
CUST0051,11,2625.02,34,2025-12-03,28,Repeat
CUST0052,15,5111.25,43,2025-11-02,59,Repeat
CUST0053,10,3310.48,42,2025-11-19,42,Repeat
CUST0054,12,6046.3,41,2025-09-26,96,Repeat
CUST0055,11,8713.06,49,2025-12-08,23,Repeat
CUST0056,15,6754.93,52,2025-11-28,33,Repeat
CUST0057,7,2490.87,20,2025-01-07,358,Repeat
CUST0058,13,6360.58,41,2025-08-31,122,Repeat
CUST0059,11,3704.09,32,2025-11-08,53,Repeat
CUST0060,7,1564.74,20,2025-05-15,230,Repeat
CUST0061,13,4542.96,44,2025-10-19,73,Repeat
CUST0062,5,1371.42,15,2025-02-08,326,Repeat
CUST0063,11,5035.05,33,2025-11-26,35,Repeat
CUST0064,12,4358.92,36,2025-10-20,72,Repeat
CUST0065,9,5100.05,32,2025-08-12,141,Repeat
CUST0066,11,5176.78,30,2025-12-04,27,Repeat
CUST0067,11,2947.69,27,2025-03-11,295,Repeat
CUST0068,9,4319.599999999999,28,2024-10-27,430,Repeat
CUST0069,19,5033.88,70,2025-12-10,21,Repeat
CUST0070,15,5534.54,51,2025-07-06,178,Repeat
CUST0071,3,535.08,6,2025-02-08,326,Repeat
CUST0072,11,2008.63,41,2025-12-12,19,Repeat
CUST0073,14,4050.33,50,2025-12-06,25,Repeat
CUST0074,10,2071.09,33,2024-10-10,447,Repeat
CUST0075,17,8217.02,58,2025-12-08,23,Repeat
CUST0076,13,9254.07,49,2025-11-02,59,Repeat
CUST0077,9,2232.95,27,2025-01-11,354,Repeat
CUST0078,16,5687.58,56,2025-12-04,27,Repeat
CUST0079,8,6198.24,22,2025-09-26,96,Repeat
CUST0080,9,2838.56,38,2025-09-22,100,Repeat
CUST0081,4,1563.14,19,2025-06-29,185,Repeat
CUST0082,11,6928.73,37,2025-09-13,109,Repeat
CUST0083,11,1631.78,36,2025-07-22,162,Repeat
CUST0084,9,3873.61,25,2025-07-13,171,Repeat
CUST0085,13,4286.610000000001,34,2025-10-14,78,Repeat
CUST0086,9,2558.6,30,2025-12-03,28,Repeat
CUST0087,10,2447.25,32,2025-10-17,75,Repeat
CUST0088,11,3742.44,39,2025-11-06,55,Repeat
CUST0089,13,9029.960000000001,49,2025-12-23,8,Repeat
CUST0090,12,5256.24,54,2025-11-23,38,Repeat
CUST0091,11,11096.4,46,2025-11-02,59,Repeat
CUST0092,7,3537.12,26,2025-12-30,1,Repeat
CUST0093,15,9013.04,44,2025-12-12,19,Repeat
CUST0094,3,662.38,8,2025-02-14,320,Repeat
CUST0095,16,8026.289999999999,44,2025-10-14,78,Repeat
CUST0096,13,10505.039999999999,46,2025-11-27,34,Repeat
CUST0097,13,3330.8,46,2025-12-11,20,Repeat
CUST0098,12,7161.98,48,2025-11-30,31,Repeat
CUST0099,6,1099.8700000000001,26,2024-12-04,392,Repeat
CUST0100,9,2599.27,23,2025-08-02,151,Repeat
CUST0101,17,4474.4,54,2025-11-29,32,Repeat
CUST0102,11,2630.47,30,2025-06-07,207,Repeat
CUST0103,6,1525.8500000000001,13,2025-11-11,50,Repeat
CUST0104,6,3911.6000000000004,25,2025-11-08,53,Repeat
CUST0105,12,2578.89,50,2025-10-24,68,Repeat
CUST0106,12,8149.09,38,2025-12-13,18,Repeat
CUST0107,15,8491.63,48,2025-12-29,2,Repeat
CUST0108,10,5926.1,39,2025-10-26,66,Repeat
CUST0109,9,1980.92,38,2025-11-17,44,Repeat
CUST0110,7,3798.2599999999998,31,2025-04-05,270,Repeat
CUST0111,14,6955.49,47,2025-08-26,127,Repeat
CUST0112,11,6203.96,45,2025-11-06,55,Repeat
CUST0113,7,1524.68,19,2025-09-07,115,Repeat
CUST0114,10,3895.4100000000003,30,2024-10-23,434,Repeat
CUST0115,4,948.24,9,2025-11-30,31,Repeat
CUST0116,9,2992.0899999999997,24,2025-10-21,71,Repeat
CUST0117,7,4136.820000000001,22,2025-07-03,181,Repeat
CUST0118,7,7104.47,22,2025-12-24,7,Repeat
CUST0119,11,2521.75,32,2025-11-12,49,Repeat
CUST0120,10,5998.83,47,2025-12-20,11,Repeat
CUST0121,8,7618.75,31,2025-10-23,69,Repeat
CUST0122,7,2856.59,29,2025-02-26,308,Repeat
CUST0123,4,416.68,7,2025-01-29,336,Repeat
CUST0124,7,4943.68,29,2025-11-05,56,Repeat
CUST0125,8,2516.36,27,2025-10-26,66,Repeat
CUST0126,15,10735.8,62,2025-12-30,1,Repeat
CUST0127,8,6444.82,26,2025-12-30,1,Repeat
CUST0128,12,7866.710000000001,38,2025-12-25,6,Repeat
CUST0129,10,2206.74,40,2025-09-06,116,Repeat
CUST0130,6,1027.1399999999999,25,2025-09-26,96,Repeat
CUST0131,10,2419.1,29,2025-04-27,248,Repeat
CUST0132,14,13215.8,59,2025-09-07,115,Repeat
CUST0133,12,4629.63,41,2025-12-01,30,Repeat
CUST0134,13,5530.04,43,2025-12-23,8,Repeat
CUST0135,5,3526.29,18,2025-03-04,302,Repeat
CUST0136,9,1711.42,28,2025-11-17,44,Repeat
CUST0137,6,3828.71,30,2025-10-10,82,Repeat
CUST0138,14,3608.88,44,2025-08-26,127,Repeat
CUST0139,8,5998.0599999999995,33,2025-12-21,10,Repeat
CUST0140,5,2444.17,17,2025-08-06,147,Repeat
CUST0141,9,5375.54,37,2025-12-26,5,Repeat
CUST0142,8,3115.81,31,2025-08-11,142,Repeat
CUST0143,4,1203.47,14,2025-03-14,292,Repeat
CUST0144,10,2762.02,36,2025-09-15,107,Repeat
CUST0145,4,1867.98,19,2025-08-02,151,Repeat
CUST0146,14,3978.87,47,2025-07-25,159,Repeat
CUST0147,8,2317.12,25,2025-07-04,180,Repeat
CUST0148,9,4542.29,25,2025-10-14,78,Repeat
CUST0149,7,4703.71,27,2025-11-14,47,Repeat
CUST0150,7,4695.1900000000005,21,2025-12-12,19,Repeat
CUST0151,14,5953.0,57,2025-09-25,97,Repeat
CUST0152,7,3494.83,29,2025-12-23,8,Repeat
CUST0153,11,4033.73,32,2025-10-25,67,Repeat
CUST0154,19,7427.4800000000005,56,2025-12-28,3,Repeat
CUST0155,9,1883.94,29,2025-08-03,150,Repeat
CUST0156,6,2426.48,16,2025-09-23,99,Repeat
CUST0157,8,5477.889999999999,30,2025-11-09,52,Repeat
CUST0158,13,2178.57,42,2025-12-28,3,Repeat
CUST0159,6,5068.650000000001,29,2024-12-25,371,Repeat
CUST0160,10,1713.3,26,2025-12-04,27,Repeat
CUST0161,10,8195.289999999999,43,2025-12-01,30,Repeat
CUST0162,10,3267.1,30,2025-02-04,330,Repeat
CUST0163,11,2022.29,24,2025-04-27,248,Repeat
CUST0164,7,3959.3,23,2025-06-01,213,Repeat
CUST0165,13,8885.689999999999,47,2025-12-16,15,Repeat
CUST0166,10,2359.9900000000002,28,2025-10-11,81,Repeat
CUST0167,10,3789.23,42,2025-10-02,90,Repeat
CUST0168,7,4514.26,31,2025-09-27,95,Repeat
CUST0169,9,3216.3599999999997,29,2025-12-11,20,Repeat
CUST0170,12,6644.41,41,2025-12-06,25,Repeat
CUST0171,9,3267.0499999999997,31,2025-12-31,0,Repeat
CUST0172,6,5005.44,26,2025-12-15,16,Repeat
CUST0173,8,8610.25,31,2025-11-25,36,Repeat
CUST0174,7,1099.18,27,2025-09-20,102,Repeat
CUST0175,13,4243.59,52,2025-11-29,32,Repeat
CUST0176,10,3145.0299999999997,34,2025-12-04,27,Repeat
CUST0177,14,3336.9300000000003,47,2025-06-29,185,Repeat
CUST0178,10,3949.63,37,2025-12-29,2,Repeat
CUST0179,9,5459.2,36,2025-09-28,94,Repeat
CUST0180,5,5845.28,17,2025-02-22,312,Repeat
CUST0181,6,3857.8199999999997,25,2025-09-01,121,Repeat
CUST0182,11,5945.610000000001,47,2025-11-28,33,Repeat
CUST0183,10,2665.07,27,2025-11-18,43,Repeat
CUST0184,7,3161.4,23,2025-06-25,189,Repeat
CUST0185,9,2819.35,32,2025-04-19,256,Repeat
CUST0186,4,1046.75,12,2024-05-01,609,Repeat
CUST0187,5,8000.97,23,2025-06-04,210,Repeat
CUST0188,11,3415.16,41,2025-10-02,90,Repeat
CUST0189,9,6622.110000000001,37,2025-11-12,49,Repeat
CUST0190,6,2239.94,23,2025-12-01,30,Repeat
CUST0191,8,2452.29,26,2025-08-31,122,Repeat
CUST0192,8,1794.02,25,2025-12-03,28,Repeat
CUST0193,13,3602.86,37,2025-12-27,4,Repeat
CUST0194,9,3562.99,29,2025-12-17,14,Repeat
CUST0195,17,8132.41,52,2025-10-01,91,Repeat
CUST0196,8,3105.73,38,2025-07-21,163,Repeat
CUST0197,10,3665.08,44,2025-10-30,62,Repeat
CUST0198,12,5055.37,52,2025-12-02,29,Repeat
CUST0199,9,3527.3399999999997,30,2025-10-31,61,Repeat
CUST0200,10,3392.32,31,2025-05-24,221,Repeat
CUST0201,9,3209.77,36,2025-12-02,29,Repeat
CUST0202,10,3923.8799999999997,29,2025-12-11,20,Repeat
CUST0203,13,10463.36,53,2025-11-27,34,Repeat
CUST0204,10,3608.4400000000005,27,2025-12-13,18,Repeat
CUST0205,7,1584.04,20,2025-12-30,1,Repeat
CUST0206,13,5196.79,45,2025-12-18,13,Repeat
CUST0207,5,3770.31,19,2025-02-10,324,Repeat
CUST0208,11,5015.28,40,2025-12-15,16,Repeat
CUST0209,11,2879.37,35,2025-12-17,14,Repeat
CUST0210,16,10649.66,57,2025-11-07,54,Repeat
CUST0211,8,5014.889999999999,27,2025-08-13,140,Repeat
CUST0212,12,1710.21,30,2025-12-09,22,Repeat
CUST0213,12,5818.7300000000005,43,2025-07-18,166,Repeat
CUST0214,11,5292.77,35,2025-12-01,30,Repeat
CUST0215,10,9881.04,38,2025-12-03,28,Repeat
CUST0216,7,3050.41,25,2025-11-11,50,Repeat
CUST0217,8,2729.75,28,2025-11-16,45,Repeat
CUST0218,9,7799.64,26,2025-11-22,39,Repeat
CUST0219,13,4588.96,51,2025-12-26,5,Repeat
CUST0220,7,5592.74,20,2025-11-05,56,Repeat
CUST0221,6,5165.4800000000005,26,2025-10-11,81,Repeat
CUST0222,9,2680.22,35,2025-08-29,124,Repeat
CUST0223,14,2824.2799999999997,42,2025-09-09,113,Repeat
CUST0224,10,2901.75,31,2025-06-11,203,Repeat
CUST0225,15,7453.12,56,2025-06-04,210,Repeat
CUST0226,12,10633.04,52,2025-12-12,19,Repeat
CUST0227,9,3541.37,29,2025-12-27,4,Repeat
CUST0228,15,4309.07,35,2025-12-12,19,Repeat
CUST0229,15,9227.060000000001,56,2025-10-29,63,Repeat
CUST0230,12,5871.300000000001,41,2025-05-18,227,Repeat
CUST0231,9,3689.5299999999997,33,2025-05-29,216,Repeat
CUST0232,7,2594.72,24,2025-10-23,69,Repeat
CUST0233,15,3017.4100000000003,47,2025-10-08,84,Repeat
CUST0234,9,2318.95,33,2025-06-19,195,Repeat
CUST0235,11,3469.94,43,2025-12-30,1,Repeat
CUST0236,12,6359.22,39,2025-11-28,33,Repeat
CUST0237,17,7919.860000000001,62,2025-12-21,10,Repeat
CUST0238,16,8698.52,56,2025-03-25,281,Repeat
CUST0239,6,3262.67,23,2024-12-20,376,Repeat
CUST0240,7,3451.67,22,2025-11-19,42,Repeat
CUST0241,11,5649.58,43,2025-06-28,186,Repeat
CUST0242,13,8464.73,32,2025-05-27,218,Repeat
CUST0243,6,5795.72,17,2025-08-17,136,Repeat
CUST0244,15,5685.429999999999,47,2025-12-09,22,Repeat
CUST0245,13,7308.89,37,2024-11-23,403,Repeat
CUST0246,6,7150.889999999999,27,2025-07-30,154,Repeat
CUST0247,7,3144.85,29,2025-11-10,51,Repeat
CUST0248,9,7950.13,38,2025-11-03,58,Repeat
CUST0249,8,2546.13,30,2025-11-12,49,Repeat
CUST0250,10,4285.13,40,2025-10-29,63,Repeat
CUST0251,7,1788.07,27,2025-04-17,258,Repeat
CUST0252,12,2679.23,45,2025-11-26,35,Repeat
CUST0253,9,11408.720000000001,40,2025-11-16,45,Repeat
CUST0254,12,9356.66,37,2025-11-07,54,Repeat
CUST0255,13,2042.02,40,2025-12-16,15,Repeat
CUST0256,10,5645.25,34,2025-12-24,7,Repeat
CUST0257,8,5220.3,25,2025-12-15,16,Repeat
CUST0258,10,3375.58,19,2025-12-02,29,Repeat
CUST0259,5,2123.14,29,2025-08-31,122,Repeat
CUST0260,9,3505.6400000000003,30,2025-10-27,65,Repeat
CUST0261,11,6719.86,31,2025-11-28,33,Repeat
CUST0262,11,4410.700000000001,27,2025-05-07,238,Repeat
CUST0263,13,9194.53,52,2025-05-27,218,Repeat
CUST0264,12,11711.09,46,2025-10-06,86,Repeat
CUST0265,5,2888.26,21,2025-07-19,165,Repeat
CUST0266,14,5769.92,41,2025-12-21,10,Repeat
CUST0267,11,5401.67,32,2025-09-30,92,Repeat
CUST0268,16,5511.2,52,2025-12-07,24,Repeat
CUST0269,6,905.47,21,2025-10-05,87,Repeat
CUST0270,6,3694.23,18,2025-09-25,97,Repeat
CUST0271,9,2822.57,37,2025-12-11,20,Repeat
CUST0272,10,2449.52,28,2025-12-15,16,Repeat
CUST0273,8,2749.08,23,2025-12-14,17,Repeat
CUST0274,17,5604.52,68,2025-12-17,14,Repeat
CUST0275,5,3481.2799999999997,21,2024-12-06,390,Repeat
CUST0276,7,1376.24,19,2025-11-23,38,Repeat
CUST0277,9,5503.9400000000005,41,2025-10-11,81,Repeat
CUST0278,10,3863.29,33,2025-05-13,232,Repeat
CUST0279,11,3094.4100000000003,42,2025-12-24,7,Repeat
CUST0280,9,7377.08,31,2025-11-12,49,Repeat
CUST0281,14,5752.97,53,2025-11-20,41,Repeat
CUST0282,13,3200.28,44,2025-12-04,27,Repeat
CUST0283,9,1001.02,31,2025-05-09,236,Repeat
CUST0284,9,2499.69,33,2025-11-22,39,Repeat
CUST0285,10,2598.78,41,2025-12-30,1,Repeat
CUST0286,14,6022.54,38,2025-06-16,198,Repeat
CUST0287,8,6261.92,27,2025-07-22,162,Repeat
CUST0288,11,2711.29,34,2025-12-22,9,Repeat
CUST0289,7,1765.33,30,2025-09-16,106,Repeat
CUST0290,18,9411.85,60,2025-12-25,6,Repeat
CUST0291,16,4023.63,56,2025-10-21,71,Repeat
CUST0292,11,4479.29,36,2025-12-05,26,Repeat
CUST0293,9,3849.06,37,2024-12-21,375,Repeat
CUST0294,5,1438.46,20,2024-12-05,391,Repeat
CUST0295,7,4061.76,18,2025-09-27,95,Repeat
CUST0296,13,4370.07,51,2025-12-28,3,Repeat
CUST0297,7,2002.19,24,2025-08-28,125,Repeat
CUST0298,4,4922.889999999999,22,2025-06-01,213,Repeat
CUST0299,15,4348.7,43,2025-11-24,37,Repeat
CUST0300,8,3262.95,22,2024-11-27,399,Repeat
CUST0301,11,2406.03,38,2025-08-04,149,Repeat
CUST0302,11,4842.47,32,2025-10-12,80,Repeat
CUST0303,8,3775.84,21,2025-02-19,315,Repeat
CUST0304,11,3566.09,47,2025-12-15,16,Repeat
CUST0305,8,2726.0299999999997,25,2025-05-05,240,Repeat
CUST0306,12,3061.94,34,2025-09-22,100,Repeat
CUST0307,6,1923.6499999999999,18,2025-01-05,360,Repeat
CUST0308,10,7275.99,28,2024-12-24,372,Repeat
CUST0309,6,1273.54,25,2025-09-19,103,Repeat
CUST0310,16,5030.88,41,2025-11-28,33,Repeat
CUST0311,7,1083.92,14,2025-12-06,25,Repeat
CUST0312,2,447.17,4,2025-05-06,239,Repeat
CUST0313,9,3378.9300000000003,32,2025-04-24,251,Repeat
CUST0314,14,5624.08,61,2025-08-08,145,Repeat
CUST0315,13,4547.93,55,2025-06-26,188,Repeat
CUST0316,9,3476.8900000000003,25,2025-12-01,30,Repeat
CUST0317,12,8946.36,51,2025-12-29,2,Repeat
CUST0318,9,2445.87,32,2025-10-26,66,Repeat
CUST0319,11,8824.73,49,2025-10-20,72,Repeat
CUST0320,15,9138.21,46,2025-11-11,50,Repeat
CUST0321,10,4587.72,33,2025-10-01,91,Repeat
CUST0322,6,3062.22,20,2025-05-02,243,Repeat
CUST0323,12,3487.94,36,2025-11-10,51,Repeat
CUST0324,9,4443.77,26,2025-09-10,112,Repeat
CUST0325,5,2728.75,15,2025-11-24,37,Repeat
CUST0326,9,1929.97,33,2025-10-08,84,Repeat
CUST0327,6,10519.15,26,2025-12-29,2,Repeat
CUST0328,7,1305.71,24,2025-04-13,262,Repeat
CUST0329,14,6193.469999999999,54,2025-10-28,64,Repeat
CUST0330,7,3823.1200000000003,31,2025-11-29,32,Repeat
CUST0331,11,6261.2699999999995,36,2025-07-18,166,Repeat
CUST0332,12,2929.58,39,2025-09-07,115,Repeat
CUST0333,11,2297.89,35,2025-09-25,97,Repeat
CUST0334,6,3270.4700000000003,27,2025-10-23,69,Repeat
CUST0335,10,2338.97,25,2025-09-22,100,Repeat
CUST0336,9,8621.47,40,2025-06-15,199,Repeat
CUST0337,7,1612.8000000000002,21,2025-12-24,7,Repeat
CUST0338,11,2048.25,30,2025-10-08,84,Repeat
CUST0339,5,3055.33,19,2025-12-20,11,Repeat
CUST0340,13,6769.88,49,2025-10-12,80,Repeat
CUST0341,11,4483.650000000001,45,2025-11-04,57,Repeat
CUST0342,9,3361.11,32,2025-12-03,28,Repeat
CUST0343,6,1361.01,21,2025-06-15,199,Repeat
CUST0344,10,4521.95,35,2025-07-03,181,Repeat
CUST0345,5,1439.99,19,2024-12-27,369,Repeat
CUST0346,11,6428.84,46,2025-11-19,42,Repeat
CUST0347,8,2802.22,30,2025-09-30,92,Repeat
CUST0348,13,5377.59,58,2025-08-15,138,Repeat
CUST0349,8,3287.0,27,2025-11-07,54,Repeat
CUST0350,15,8659.09,51,2025-10-17,75,Repeat
CUST0351,9,4306.12,32,2025-03-26,280,Repeat
CUST0352,8,2735.5600000000004,33,2025-10-03,89,Repeat
CUST0353,13,3991.27,41,2025-08-16,137,Repeat
CUST0354,8,2720.4900000000002,26,2025-04-12,263,Repeat
CUST0355,6,974.27,15,2025-04-22,253,Repeat
CUST0356,16,6183.0199999999995,60,2025-06-19,195,Repeat
CUST0357,15,8837.04,49,2025-12-22,9,Repeat
CUST0358,13,6961.92,40,2025-09-12,110,Repeat
CUST0359,16,7757.21,40,2025-12-28,3,Repeat
CUST0360,7,1886.8799999999999,21,2025-06-12,202,Repeat
CUST0361,11,3206.46,43,2025-12-07,24,Repeat
CUST0362,6,1143.76,14,2025-11-15,46,Repeat
CUST0363,9,2679.91,32,2025-12-31,0,Repeat
CUST0364,9,2195.15,29,2025-04-06,269,Repeat
CUST0365,9,2301.98,35,2025-07-20,164,Repeat
CUST0366,10,2719.42,35,2025-07-31,153,Repeat
CUST0367,7,2660.76,19,2024-10-12,445,Repeat
CUST0368,10,7186.849999999999,42,2025-12-02,29,Repeat
CUST0369,9,8937.18,42,2025-09-18,104,Repeat
CUST0370,10,2698.16,39,2025-11-26,35,Repeat
CUST0371,11,6684.59,35,2025-12-31,0,Repeat
CUST0372,8,3644.29,24,2025-09-27,95,Repeat
CUST0373,7,3470.83,28,2025-12-30,1,Repeat
CUST0374,13,5537.16,42,2025-07-27,157,Repeat
CUST0375,10,2457.04,32,2025-10-12,80,Repeat
CUST0376,7,2907.5,27,2025-09-10,112,Repeat
CUST0377,11,7276.88,40,2025-12-04,27,Repeat
CUST0378,8,4482.17,28,2025-12-04,27,Repeat
CUST0379,6,3477.87,25,2025-09-24,98,Repeat
CUST0380,8,5787.289999999999,23,2025-04-30,245,Repeat
CUST0381,8,1703.48,25,2025-12-17,14,Repeat
CUST0382,11,5007.36,37,2025-08-30,123,Repeat
CUST0383,16,6533.150000000001,53,2025-09-27,95,Repeat
CUST0384,9,1483.57,17,2025-10-20,72,Repeat
CUST0385,13,6334.27,43,2025-09-27,95,Repeat
CUST0386,6,1609.41,19,2025-06-26,188,Repeat
CUST0387,6,2371.19,19,2025-09-21,101,Repeat
CUST0388,17,9721.24,66,2025-12-18,13,Repeat
CUST0389,7,1832.6799999999998,20,2025-08-16,137,Repeat
CUST0390,13,9541.88,46,2025-10-29,63,Repeat
CUST0391,12,8324.75,40,2025-11-27,34,Repeat
CUST0392,9,3302.54,31,2025-08-12,141,Repeat
CUST0393,10,6842.47,43,2025-08-13,140,Repeat
CUST0394,9,10450.46,37,2025-12-12,19,Repeat
CUST0395,12,3870.9700000000003,46,2025-09-30,92,Repeat
CUST0396,11,3419.52,44,2025-10-30,62,Repeat
CUST0397,3,833.74,13,2024-09-04,483,Repeat
CUST0398,8,3540.55,26,2024-11-04,422,Repeat
CUST0399,11,3486.2799999999997,31,2025-10-09,83,Repeat
CUST0400,11,2701.77,38,2025-08-26,127,Repeat
CUST0401,10,2525.74,31,2025-11-13,48,Repeat
CUST0402,4,970.03,18,2025-09-07,115,Repeat
CUST0403,10,4701.1,40,2025-10-01,91,Repeat
CUST0404,14,2732.29,41,2025-12-26,5,Repeat
CUST0405,6,2232.48,22,2025-04-10,265,Repeat
CUST0406,2,721.9399999999999,11,2024-06-20,559,Repeat
CUST0407,8,3032.7,31,2025-11-18,43,Repeat
CUST0408,16,6175.09,57,2025-12-30,1,Repeat
CUST0409,16,9515.19,51,2025-12-10,21,Repeat
CUST0410,15,5346.8,43,2025-12-10,21,Repeat
CUST0411,9,4578.81,37,2025-11-29,32,Repeat
CUST0412,4,1231.28,14,2025-08-04,149,Repeat
CUST0413,8,2069.54,19,2025-11-25,36,Repeat
CUST0414,17,4093.75,67,2025-09-20,102,Repeat
CUST0415,9,7179.08,36,2025-11-04,57,Repeat
CUST0416,9,3414.8100000000004,32,2025-11-26,35,Repeat
CUST0417,9,2060.64,28,2025-07-03,181,Repeat
CUST0418,12,2795.87,30,2025-12-10,21,Repeat
CUST0419,8,4153.9400000000005,32,2025-12-26,5,Repeat
CUST0420,10,7989.52,37,2025-03-04,302,Repeat
CUST0421,8,3117.8199999999997,29,2025-12-26,5,Repeat
CUST0422,8,5691.67,34,2025-06-01,213,Repeat
CUST0423,6,2819.8,22,2025-07-12,172,Repeat
CUST0424,9,4351.08,30,2025-12-14,17,Repeat
CUST0425,5,1828.0600000000002,16,2025-11-23,38,Repeat
CUST0426,19,6297.490000000001,62,2025-10-28,64,Repeat
CUST0427,9,6013.03,38,2025-08-20,133,Repeat
CUST0428,9,2474.3,33,2025-11-21,40,Repeat
CUST0429,6,820.73,14,2024-12-30,366,Repeat
CUST0430,11,2290.64,28,2025-12-14,17,Repeat
CUST0431,11,3360.06,54,2025-04-16,259,Repeat
CUST0432,12,7426.679999999999,43,2025-12-23,8,Repeat
CUST0433,12,1672.8899999999999,45,2025-12-06,25,Repeat
CUST0434,11,3071.35,40,2025-08-19,134,Repeat
CUST0435,10,8041.3099999999995,32,2025-12-01,30,Repeat
CUST0436,14,2957.1,44,2025-06-21,193,Repeat
CUST0437,13,2731.09,39,2025-11-26,35,Repeat
CUST0438,6,1086.95,19,2025-11-14,47,Repeat
CUST0439,14,8219.029999999999,47,2025-09-06,116,Repeat
CUST0440,9,3502.01,29,2025-10-11,81,Repeat
CUST0441,10,2444.75,32,2025-11-20,41,Repeat
CUST0442,15,8783.03,47,2025-10-21,71,Repeat
CUST0443,9,2783.36,31,2025-11-26,35,Repeat
CUST0444,9,3255.12,29,2025-08-14,139,Repeat
CUST0445,12,4330.52,32,2025-05-13,232,Repeat
CUST0446,13,7856.81,45,2025-11-09,52,Repeat
CUST0447,10,6707.13,31,2025-12-27,4,Repeat
CUST0448,12,7812.55,45,2025-09-21,101,Repeat
CUST0449,4,1387.25,19,2025-06-28,186,Repeat
CUST0450,8,3684.6400000000003,21,2025-11-06,55,Repeat
CUST0451,9,4111.18,30,2025-10-21,71,Repeat
CUST0452,8,3735.82,20,2025-08-02,151,Repeat
CUST0453,13,7735.92,47,2025-12-25,6,Repeat
CUST0454,17,12299.76,61,2025-09-10,112,Repeat
CUST0455,11,3662.03,36,2025-11-03,58,Repeat
CUST0456,15,2608.2200000000003,44,2025-12-08,23,Repeat
CUST0457,8,5387.7699999999995,26,2025-11-30,31,Repeat
CUST0458,10,5055.63,46,2025-12-04,27,Repeat
CUST0459,11,5246.24,31,2025-12-11,20,Repeat
CUST0460,11,2137.94,24,2025-11-03,58,Repeat
CUST0461,9,4372.07,33,2025-10-19,73,Repeat
CUST0462,5,950.11,19,2025-11-19,42,Repeat
CUST0463,6,2533.31,25,2025-06-13,201,Repeat
CUST0464,5,3263.7099999999996,19,2025-12-18,13,Repeat
CUST0465,11,3220.04,34,2025-11-01,60,Repeat
CUST0466,11,9734.15,45,2025-09-04,118,Repeat
CUST0467,6,1733.83,24,2025-12-05,26,Repeat
CUST0468,5,3389.3599999999997,19,2025-11-18,43,Repeat
CUST0469,13,5179.88,48,2025-12-12,19,Repeat
CUST0470,12,3952.67,43,2025-11-24,37,Repeat
CUST0471,12,9721.73,48,2025-12-12,19,Repeat
CUST0472,10,6258.47,27,2025-11-17,44,Repeat
CUST0473,13,4630.92,50,2025-10-20,72,Repeat
CUST0474,9,2801.44,18,2025-12-28,3,Repeat
CUST0475,6,6448.89,22,2025-08-12,141,Repeat
CUST0476,5,1409.41,16,2025-10-27,65,Repeat
CUST0477,8,2796.23,24,2025-12-26,5,Repeat
CUST0478,11,3572.8100000000004,37,2025-10-25,67,Repeat
CUST0479,10,6256.29,36,2025-10-25,67,Repeat
CUST0480,11,2943.26,36,2025-12-04,27,Repeat
CUST0481,5,2550.79,20,2025-11-11,50,Repeat
CUST0482,12,9009.81,52,2025-10-05,87,Repeat
CUST0483,12,3596.79,47,2025-10-18,74,Repeat
CUST0484,7,2536.99,20,2025-11-15,46,Repeat
CUST0485,14,3615.0099999999998,34,2025-05-12,233,Repeat
CUST0486,9,4175.87,23,2025-11-23,38,Repeat
CUST0487,12,5799.42,37,2025-08-08,145,Repeat
CUST0488,14,6348.4,50,2025-11-26,35,Repeat
CUST0489,12,4178.34,38,2025-12-10,21,Repeat
CUST0490,8,3005.89,27,2025-08-18,135,Repeat
CUST0491,16,2681.4300000000003,51,2025-11-08,53,Repeat
CUST0492,14,4174.49,44,2025-10-15,77,Repeat
CUST0493,10,5228.33,36,2025-11-30,31,Repeat
CUST0494,9,1184.94,32,2025-11-13,48,Repeat
CUST0495,7,2631.12,23,2025-10-03,89,Repeat
CUST0496,9,7795.7300000000005,32,2025-11-07,54,Repeat
CUST0497,13,5898.5199999999995,50,2025-10-04,88,Repeat
CUST0498,14,4424.15,46,2025-10-21,71,Repeat
CUST0499,7,4260.71,33,2024-07-12,537,Repeat
CUST0500,11,4079.86,37,2025-12-16,15,Repeat
