Month,Revenue,Orders,Quantity,Customers
2024-01,625791.74,1476,5091,472
2024-02,76874.43000000001,147,537,129
2024-03,94139.83,177,611,159
2024-04,62180.36,146,516,129
2024-05,80465.79,176,593,151
2024-06,51530.22,144,491,126
2024-07,74688.69,146,483,129
2024-08,89000.9,160,580,135
2024-09,64026.89,161,564,139
2024-10,53955.2,146,498,125
2024-11,56690.35,124,404,108
2024-12,59003.79,159,562,125
2025-01,61581.46,160,589,139
2025-02,61737.91,143,484,123
2025-03,72655.38,167,539,140
2025-04,86777.06,148,525,128
2025-05,71182.7,136,490,122
2025-06,78603.74,162,584,138
2025-07,67788.14,157,523,136
2025-08,76601.71,162,562,140
2025-09,64716.81,146,470,123
2025-10,65943.93,145,513,129
2025-11,56789.47,156,539,137
2025-12,74354.29,156,512,136
