Product_ID,Orders,Quantity,Revenue,Product_Name,Category,Price,Cost,Profit
PROD0001,45,141,19420.56,Headphones Lite,Electronics,176.07,83.64,7627.32
PROD0002,46,161,9204.21,Keyboard Lite,Electronics,73.34,59.82,-426.81
PROD0003,46,171,4970.58,Mouse Pro,Electronics,36.11,22.53,1117.95
PROD0004,51,187,6572.04,Jeans X,Clothing,49.1,22.39,2385.11
PROD0005,53,175,8033.25,Headphones X,Electronics,62.37,43.23,468.0
PROD0006,43,144,26095.51,Office Chair Series,Furniture,241.29,176.13,732.79
PROD0007,55,208,36007.88,Desk Pro,Furniture,227.97,131.14,8730.76
PROD0008,36,118,8405.550000000001,Backpack Series,Accessories,97.91,60.89,1220.53
PROD0009,39,134,19542.16,Monitor Max,Electronics,189.27,94.62,6863.08
PROD0010,42,139,10189.98,Cookware Set Pro,Home & Kitchen,105.16,49.03,3374.81
PROD0011,51,185,10777.43,Running Shoes Pro,Sports,80.76,45.61,2339.58
PROD0012,51,181,9929.890000000001,Jeans Series,Clothing,76.59,41.64,2393.05
PROD0013,53,182,11552.1,Running Shoes X,Sports,86.76,64.11,-115.92
PROD0014,50,175,2299.05,T-Shirt X,Clothing,17.47,10.24,507.05
PROD0015,46,155,7651.84,Jeans Max,Clothing,66.77,53.68,-668.56
PROD0016,51,171,5003.12,T-Shirt Plus,Clothing,39.77,25.22,690.5
PROD0017,55,162,12459.189999999999,Keyboard X,Electronics,107.13,77.03,-19.67
PROD0018,56,194,16170.7,Headphones 2025,Electronics,118.38,89.29,-1151.56
PROD0019,51,174,4043.78,Mouse X,Electronics,31.13,14.93,1445.96
PROD0020,55,178,11582.99,Blender X,Home Appliances,90.74,64.93,25.45
PROD0021,58,198,9761.49,Backpack Max,Accessories,64.39,39.63,1914.75
PROD0022,52,174,22825.64,Jacket Lite,Clothing,179.73,99.14,5575.28
PROD0023,54,190,74327.35,Smartphone Pro,Electronics,529.02,317.57,13989.05
PROD0024,58,221,16446.43,Keyboard Series,Electronics,101.24,51.55,5053.88
PROD0025,38,138,80999.61,Laptop Plus,Electronics,789.47,553.33,4640.07
PROD0026,44,153,8696.98,Cookware Set Pro,Home & Kitchen,70.88,38.09,2869.21
PROD0027,55,200,13599.119999999999,Jacket X,Clothing,90.51,59.73,1653.12
PROD0028,41,141,91211.71,Camera Plus,Electronics,895.11,717.04,-9890.93
PROD0029,63,207,22451.97,Jacket 2025,Clothing,145.65,96.47,2482.68
PROD0030,42,133,6377.83,Keyboard X,Electronics,60.77,41.95,798.48
PROD0031,46,169,5634.52,Watch Pro,Accessories,46.74,24.25,1536.27
PROD0032,55,202,18369.15,Keyboard 2025,Electronics,120.06,59.26,6398.63
PROD0033,47,167,15620.48,Coffee Maker Max,Home Appliances,125.87,103.04,-1587.2
PROD0034,59,205,24109.09,Blender Max,Home Appliances,149.56,94.48,4740.69
PROD0035,50,177,40914.57,Office Chair Plus,Furniture,311.73,192.42,6856.23
PROD0036,53,173,26669.489999999998,Cookware Set Pro,Home & Kitchen,211.16,170.62,-2847.77
PROD0037,49,160,3921.09,T-Shirt Max,Clothing,30.85,14.62,1581.89
PROD0038,45,149,7535.5599999999995,Mouse X,Electronics,72.18,55.22,-692.22
PROD0039,45,160,6322.47,Backpack Series,Accessories,56.15,29.93,1533.67
PROD0040,45,140,5668.38,Running Shoes Series,Sports,55.14,40.94,-63.22
PROD0041,43,154,12467.45,Laptop X,Electronics,102.15,393.9,-48193.15
PROD0042,52,166,6343.5,Mouse Plus,Electronics,52.06,25.09,2178.56
PROD0043,49,173,20473.55,Blender 2025,Home Appliances,159.95,114.52,661.59
PROD0044,49,174,13841.58,Keyboard 2025,Electronics,103.45,78.07,257.4
PROD0045,43,167,19689.42,Headphones Plus,Electronics,175.72,120.84,-490.86
PROD0046,41,147,18764.73,Cookware Set 2025,Home & Kitchen,184.42,106.5,3109.23
PROD0047,56,192,7258.66,Mouse Max,Electronics,50.32,36.94,166.18
PROD0048,58,200,43010.24,Desk 2025,Furniture,291.2,224.58,-1905.76
PROD0049,52,164,16800.0,Office Chair Lite,Furniture,129.78,66.31,5925.16
PROD0050,61,216,3748.29,T-Shirt Max,Clothing,23.53,18.84,-321.15
PROD0051,48,178,14529.03,Keyboard X,Electronics,112.28,60.94,3681.71
PROD0052,65,234,2916.4,Mouse X,Electronics,17.01,9.56,679.36
PROD0053,53,195,6376.6,Mouse Pro,Electronics,44.19,60.94,-5506.7
PROD0054,45,157,20629.49,Tablet Plus,Electronics,194.16,132.23,-130.62
PROD0055,55,184,140491.0,Camera X,Electronics,1050.4,691.73,13212.68
PROD0056,47,155,56813.65,Laptop Pro,Electronics,468.18,321.8,6934.65
PROD0057,45,153,52134.05,Tablet X,Electronics,458.12,336.16,701.57
PROD0058,43,161,3600.64,Book Lite,Books,31.64,20.07,369.37
PROD0059,56,207,8439.37,Mouse X,Electronics,54.22,30.46,2134.15
PROD0060,45,160,31501.12,Watch Series,Accessories,249.91,150.01,7499.52
PROD0061,55,174,24444.15,Cookware Set Pro,Home & Kitchen,186.17,94.67,7971.57
PROD0062,52,173,3517.63,Book 2025,Books,25.18,14.5,1009.13
PROD0063,54,155,51516.25,Desk X,Furniture,441.82,251.02,12608.15
PROD0064,43,151,6048.9,Jacket 2025,Clothing,53.96,31.68,1265.22
PROD0065,41,160,3661.85,Mouse Pro,Electronics,30.98,19.29,575.45
PROD0066,43,172,12288.26,Coffee Maker 2025,Home Appliances,92.15,44.77,4587.82
PROD0067,42,134,10383.58,Blender 2025,Home Appliances,102.15,86.49,-1206.08
PROD0068,50,179,6885.2300000000005,Backpack Series,Accessories,52.74,35.01,618.44
PROD0069,48,169,7060.2,T-Shirt Plus,Clothing,55.79,35.39,1079.29
PROD0070,53,174,9189.71,Keyboard 2025,Electronics,72.36,40.82,2087.03
PROD0071,44,154,96969.33,Laptop Pro,Electronics,828.09,527.51,15732.79
PROD0072,50,152,20863.28,Watch Plus,Accessories,191.67,89.7,7228.88
PROD0073,46,158,13601.58,Blender 2025,Home Appliances,109.69,83.57,397.52
PROD0074,59,190,44638.99,Monitor X,Electronics,323.94,247.31,-2349.91
PROD0075,48,156,4703.15,Book Plus,Books,40.65,29.23,143.27
PROD0076,50,157,3579.02,Jeans X,Clothing,29.3,13.74,1421.84
PROD0077,51,175,4537.02,Mouse Plus,Electronics,34.1,18.99,1213.77
PROD0078,50,197,9529.91,Jeans Lite,Clothing,67.78,44.29,804.78
PROD0079,47,153,95257.22,Camera Max,Electronics,830.49,413.26,32028.44
PROD0080,49,165,22303.36,Office Chair 2025,Furniture,187.03,152.45,-2850.89
PROD0081,47,155,7336.63,Mouse X,Electronics,62.36,32.65,2275.88
PROD0082,57,186,14209.11,Keyboard 2025,Electronics,102.15,33.84,7914.87
PROD0083,62,198,15991.6,Desk Max,Furniture,102.15,137.49,-11231.42
PROD0084,54,175,21176.93,Cookware Set Plus,Home & Kitchen,169.28,108.46,2196.43
PROD0085,39,135,2921.2,T-Shirt Lite,Clothing,29.11,17.33,581.65
PROD0086,46,173,133199.62,Camera Max,Electronics,1050.47,703.48,11497.58
PROD0087,59,203,10597.63,Keyboard Series,Electronics,73.62,46.47,1164.22
PROD0088,52,185,50584.659999999996,Tablet X,Electronics,361.19,164.76,20104.06
PROD0089,65,189,2360.13,T-Shirt Max,Clothing,16.58,10.02,466.35
PROD0090,53,195,20628.99,Blender Series,Home Appliances,147.35,113.85,-1571.76
PROD0091,45,168,79852.0,Laptop Lite,Electronics,639.84,516.87,-6982.16
PROD0092,53,198,32050.11,Tablet Lite,Electronics,225.15,105.6,11141.31
PROD0093,55,201,45535.3,Monitor Plus,Electronics,319.21,228.82,-457.52
PROD0094,36,122,8971.37,Jeans Plus,Clothing,103.06,55.61,2186.95
PROD0095,64,235,28020.88,Tablet Max,Electronics,160.44,73.32,10790.68
PROD0096,51,188,2687.84,T-Shirt 2025,Clothing,19.09,13.47,155.48
PROD0097,53,175,4550.8,Book Lite,Books,36.67,28.99,-522.45
PROD0098,55,193,35554.16,Smartphone Max,Electronics,251.8,132.63,9956.57
PROD0099,53,193,5530.22,T-Shirt Max,Clothing,38.7,22.81,1127.89
PROD0100,46,166,13139.48,Backpack 2025,Accessories,111.21,64.13,2493.9
