Product_ID,Product_Name,Category,Price,Cost
PROD0001,Headphones Lite,Electronics,176.07,83.64
PROD0002,Keyboard Lite,Electronics,73.34,59.82
PROD0003,Mouse Pro,Electronics,36.11,22.53
PROD0004,Jeans X,Clothing,49.1,22.39
PROD0005,Headphones X,Electronics,62.37,43.23
PROD0006,Office Chair Series,Furniture,241.29,176.13
PROD0007,Desk Pro,Furniture,227.97,131.14
PROD0008,Backpack Series,Accessories,97.91,60.89
PROD0009,Monitor Max,Electronics,189.27,94.62
PROD0010,Cookware Set Pro,Home & Kitchen,105.16,49.03
PROD0011,Running Shoes Pro,Sports,80.76,45.61
PROD0012,Jeans Series,Clothing,76.59,41.64
PROD0013,Running Shoes X,Sports,86.76,64.11
PROD0014,T-Shirt X,Clothing,17.47,10.24
PROD0015,Jeans Max,Clothing,66.77,53.68
PROD0016,T-Shirt Plus,Clothing,39.77,25.22
PROD0017,Keyboard X,Electronics,107.13,77.03
PROD0018,Headphones 2025,Electronics,118.38,89.29
PROD0019,Mouse X,Electronics,31.13,14.93
PROD0020,Blender X,Home Appliances,90.74,64.93
PROD0021,Backpack Max,Accessories,64.39,39.63
PROD0022,Jacket Lite,Clothing,179.73,99.14
PROD0023,Smartphone Pro,Electronics,529.02,317.57
PROD0024,Keyboard Series,Electronics,101.24,51.55
PROD0025,Laptop Plus,Electronics,789.47,553.33
PROD0026,Cookware Set Pro,Home & Kitchen,70.88,38.09
PROD0027,Jacket X,Clothing,90.51,59.73
PROD0028,Camera Plus,Electronics,895.11,717.04
PROD0029,Jacket 2025,clothing,145.65,96.47
PROD0030,Keyboard X,Electronics,60.77,41.95
PROD0031,Watch Pro,Accessories,46.74,24.25
PROD0032,Keyboard 2025,Electronics,120.06,59.26
PROD0033,Coffee Maker Max,Home Appliances,125.87,103.04
PROD0034,Blender Max,Home Appliances,149.56,94.48
PROD0035,Office Chair Plus,Furniture,311.73,192.42
PROD0036,Cookware Set Pro,Home & Kitchen,211.16,170.62
PROD0037,T-Shirt Max ,Clothing,30.85,14.62
PROD0038,Mouse X,Electronics,72.18,55.22
PROD0039,Backpack Series,Accessories,56.15,29.93
PROD0040,Running Shoes Series,Sports,55.14,40.94
PROD0041,Laptop X,Electronics,,393.9
PROD0042,Mouse Plus,Electronics,52.06,25.09
PROD0043,Blender 2025,Home Appliances,159.95,114.52
PROD0044,Keyboard 2025,Electronics,103.45,78.07
PROD0045,Headphones Plus,Electronics,175.72,120.84
PROD0046,Cookware Set 2025,Home & Kitchen,184.42,106.5
PROD0047,Mouse Max,Electronics,50.32,36.94
PROD0048,Desk 2025,Furniture,291.2,224.58
PROD0049,Office Chair Lite,Furniture,129.78,66.31
PROD0050,T-Shirt Max,Clothing,23.53,18.84
PROD0051,Keyboard X,Electronics,112.28,60.94
PROD0052,Mouse X,Electronics,17.01,9.56
PROD0053,Mouse Pro,Electronics,44.19,None
PROD0054,Tablet Plus,Electronics,194.16,132.23
PROD0055,Camera X,Electronics,1050.4,691.73
PROD0056,Laptop Pro,Electronics,468.18,321.8
PROD0057,Tablet X,Electronics,458.12,336.16
PROD0058,Book Lite,books,31.64,20.07
PROD0059,Mouse X,Electronics,54.22,30.46
PROD0060,Watch Series,Accessories,249.91,150.01
PROD0061,Cookware Set Pro,Home & Kitchen,186.17,94.67
PROD0062,Book 2025,Books,25.18,14.5
PROD0063,Desk X,Furniture,441.82,251.02
PROD0064,Jacket 2025,Clothing,53.96,31.68
PROD0065,Mouse Pro,Electronics,30.98,19.29
PROD0066,Coffee Maker 2025,Home Appliances,92.15,44.77
PROD0067,Blender 2025,Home Appliances,NaN,86.49
PROD0068,Backpack Series,Accessories,52.74,35.01
PROD0069,T-Shirt Plus,Clothing,55.79,35.39
PROD0070,Keyboard 2025,Electronics,72.36,40.82
PROD0071,Laptop Pro,Electronics,828.09,527.51
PROD0072,Watch Plus,Accessories,191.67,89.7
PROD0073,Blender 2025,Home Appliances,109.69,83.57
PROD0074,Monitor X ,Electronics,323.94,247.31
PROD0075,Book Plus,Books,40.65,29.23
PROD0076,Jeans X,Clothing,29.3,13.74
PROD0077,Mouse Plus,Electronics,34.1,18.99
PROD0078,Jeans Lite,Clothing,67.78,44.29
PROD0079,Camera Max,Electronics,830.49,413.26
PROD0080,Office Chair 2025,Furniture,187.03,152.45
PROD0081,Mouse X,Electronics,62.36,32.65
PROD0082,Keyboard 2025,Electronics,,33.84
PROD0083,Desk Max,Furniture,-49.99,137.49
PROD0084,Cookware Set Plus,Home & Kitchen,169.28,108.46
PROD0085,T-Shirt Lite,Clothing,29.11,17.33
PROD0086,Camera Max,Electronics,1050.47,703.48
PROD0087,Keyboard Series,electronics,73.62,46.47
PROD0088,Tablet X,Electronics,361.19,164.76
PROD0089,T-Shirt Max,Clothing,16.58,10.02
PROD0090,Blender Series,Home Appliances,147.35,113.85
PROD0091,Laptop Lite,Electronics,639.84,516.87
PROD0092,Tablet Lite,Electronics,225.15,105.6
PROD0093,Monitor Plus,Electronics,319.21,228.82
PROD0094,Jeans Plus,Clothing,103.06,55.61
PROD0095,Tablet Max,Electronics,160.44,73.32
PROD0096,T-Shirt 2025,Clothing,19.09,13.47
PROD0097,Book Lite,Books,36.67,28.99
PROD0098,Smartphone Max,Electronics,251.8,132.63
PROD0099,T-Shirt Max,Clothing,38.7,22.81
PROD0100,Backpack 2025,Accessories,111.21,64.13
